{"cameraMode":{"drawMode":0,"name":"Shaded","section":"Shading Mode"},"sceneLighting":false,"audioPlay":false,"sceneViewState":{"showFog":true,"showMaterialUpdate":false,"showSkybox":true,"showFlares":true,"showImageEffects":true,"showParticleSystems":true},"in2DMode":false,"pivot":{"x":-0.0603485107421875,"y":5.583984375,"z":-5.8330078125},"rotation":{"x":-0.4080328047275543,"y":-0.00766843231394887,"z":0.0034336012322455646,"w":-0.9129403829574585},"size":16.81694793701172,"orthographic":true}